Rating,Jersey Number,Team,Position,Height,Weight,Salary,Country,Draft Year,Draft Round,Draft Pick,Age
97,23,Los Angeles Lakers,F,206,113.4,37436858,USA,2003,1,1,37
97,2,Los Angeles Clippers,F,201,102.1,32742000,USA,2011,1,15,30
96,34,Milwaukee Bucks,F-G,211,109.8,25842697,Greece,2013,1,15,27
96,7,Brooklyn Nets,F,208,104.3,37199000,USA,2007,1,2,33
96,13,Houston Rockets,G,196,99.8,38199000,USA,2009,1,3,32
95,30,Golden State Warriors,G,191,83.9,40231758,USA,2009,1,7,33
94,3,Los Angeles Lakers,F-C,208,100.7,27093019,USA,2012,1,1,28
93,13,Los Angeles Clippers,F,203,95.3,33005556,USA,2010,1,10,31
92,0,Portland Trail Blazers,G,188,88.5,29802321,USA,2012,1,6,31
91,21,Philadelphia 76ers,C,213,113.4,27504630,Cameroon,2014,1,3,27
91,11,Brooklyn Nets,G,188,81.6,31742000,Australia,2011,1,1,29
90,15,Denver Nuggets,C,213,114.8,27504630,Serbia,2014,2,41,26
90,0,Houston Rockets,G,191,86.2,38506482,USA,2008,1,4,33
89,11,Golden State Warriors,G,198,93,32742000,USA,2011,1,11,31
89,32,Minnesota Timberwolves,F-C,211,112.5,27285000,USA,2015,1,1,26
88,22,Miami Heat,G,201,99.8,32742000,USA,2011,1,30,32
88,27,Utah Jazz,C,216,108,25258427,France,2013,1,27,29
88,23,Detroit Pistons,F,206,114.3,34449964,USA,2009,1,1,32
88,45,Utah Jazz,G,185,95.7,3635760,USA,2017,1,13,25
88,8,Boston Celtics,G,183,78,32742000,USA,2011,1,9,31
87,77,Dallas Mavericks,G-F,201,103,7683360,Slovenia,2018,1,3,22
87,12,San Antonio Spurs,F-C,211,111.6,26000000,USA,2006,1,2,36
87,3,Washington Wizards,G,191,93.9,27093018,USA,2012,1,3,28
87,10,Utah Jazz,G,185,83.9,32511623,USA,2007,1,4,34
87,10,San Antonio Spurs,G-F,198,99.8,27739975,USA,2009,1,9,32
87,3,Portland Trail Blazers,G,191,89.4,27556959,USA,2013,1,10,30
87,4,Indiana Pacers,G,193,96.6,21000000,USA,2013,1,2,29
87,6,Dallas Mavericks,F-C,221,99.8,27285000,Latvia,2015,1,4,26
87,0,Minnesota Timberwolves,G,193,87.5,27285000,USA,2015,1,2,25
87,43,Toronto Raptors,F,206,103,2351838,Cameroon,2016,1,27,27
87,25,Philadelphia 76ers,F,208,108.9,8113929,Australia,2016,1,1,25
86,5,Sacramento Kings,G,191,77.6,6392760,USA,2017,1,5,24
86,1,Phoenix Suns,G,196,93.4,27285000,USA,2015,1,13,25
86,0,,C,208,122.5,3500000,USA,2010,1,5,31
86,0,Cleveland Cavaliers,C,208,122.5,27093018,USA,2012,1,9,28
86,23,Golden State Warriors,F,198,104.3,18539130,USA,2012,2,35,31
86,11,New Orleans Pelicans,G,191,81.6,26131111,USA,2009,1,17,31
86,9,Orlando Magic,C,211,108.9,28000000,Montenegro,2011,1,16,31
86,2,Washington Wizards,G,193,88.5,38199000,USA,2010,1,1,31
85,0,Boston Celtics,F,203,92.5,7830000,USA,2017,1,3,23
85,11,Atlanta Hawks,G,185,81.6,6273000,USA,2018,1,5,23
85,6,Milwaukee Bucks,G,185,88.5,15625000,USA,2010,1,18,32
85,15,Atlanta Hawks,C,208,95.7,16896552,Switzerland,2014,1,25,27
85,12,Philadelphia 76ers,F,203,102.5,32742000,USA,2011,1,19,29
85,42,Philadelphia 76ers,C-F,206,111.6,28000000,Dominican Republic,2007,1,3,35
85,8,Chicago Bulls,G,198,82.1,19500000,USA,2014,1,13,26
85,7,Toronto Raptors,G,183,93,33296296,USA,2006,1,24,35
85,22,Milwaukee Bucks,F,201,98.4,30603448,USA,2012,2,39,30
85,3,Oklahoma City Thunder,G,185,79.4,38506482,USA,2005,1,4,36
84,20,Atlanta Hawks,F,206,102.1,2686560,USA,2017,1,19,24
84,24,Sacramento Kings,G,193,96.2,4861207,The Bahamas,2016,1,6,28
84,0,Los Angeles Lakers,F,203,100.2,1974600,USA,2017,1,27,26
84,27,Denver Nuggets,G,193,91.2,4444746,Canada,2016,1,7,24
84,23,Los Angeles Clippers,G,185,79.4,8000000,USA,2005,2,45,35
83,35,Sacramento Kings,F,211,106.6,8556120,USA,2018,1,2,22
83,44,Utah Jazz,G-F,203,98,17000000,Croatia,2011,2,31,32
83,7,Indiana Pacers,G,196,101.2,20000000,USA,2016,2,36,29
83,8,Oklahoma City Thunder,F,208,102.1,22615559,Italy,2008,1,6,33
83,5,Los Angeles Clippers,F,201,114.8,6000000,USA,2015,2,32,27
83,0,Cleveland Cavaliers,F,203,117.9,28942830,USA,2008,1,5,33
83,24,Chicago Bulls,F-C,213,108.9,5300400,Finland,2017,1,7,24
83,27,Portland Trail Blazers,C,213,131.5,12000000,Bosnia and Herzegovina,2014,1,16,27
83,30,New York Knicks,F,203,113.4,18000000,USA,2014,1,7,27
82,33,Toronto Raptors,C,211,120.2,25595700,Spain,2007,2,48,36
82,12,Oklahoma City Thunder,C,211,115.7,25842697,New Zealand,2013,1,12,28
82,22,Phoenix Suns,C,211,113.4,9562920,The Bahamas,2018,1,1,23
82,8,Brooklyn Nets,G,196,93,10605600,USA,2014,2,38,28
82,13,Memphis Grizzlies,F-C,211,110,6699960,USA,2018,1,4,22
82,4,Denver Nuggets,F-C,201,113.4,30350000,USA,2017,2,47,36
82,36,Boston Celtics,G,191,103,12553571,USA,2014,1,6,27
82,33,Indiana Pacers,F-C,211,108.4,18000000,USA,2015,1,11,25
81,9,Toronto Raptors,F,213,108.9,23271604,Spain,2008,1,24,32
81,1,New Orleans Pelicans,F,198,128.8,9757440,USA,2019,1,1,21
81,22,San Antonio Spurs,F,203,104.3,14500000,USA,2006,1,8,35
81,0,Orlando Magic,F,203,99.8,19863636,USA,2014,1,4,26
81,14,New Orleans Pelicans,F,201,88.9,7265485,USA,2016,1,2,24
81,6,Brooklyn Nets,C,211,120.2,9881598,USA,2008,2,35,33
81,11,Indiana Pacers,F-C,211,104.8,3529554,Lithuania,2016,1,11,25
81,17,Memphis Grizzlies,C,211,104.8,16000000,Lithuania,2011,1,5,29
81,21,Portland Trail Blazers,C,213,106.6,27093018,USA,2010,2,33,32
80,25,Detroit Pistons,G,188,86.2,7317074,USA,2008,1,1,33
80,33,Houston Rockets,F,201,94.8,11301219,USA,2013,2,60,31
80,22,New Orleans Pelicans,F,206,111.6,17650000,USA,2010,1,3,30
80,20,Boston Celtics,F,201,93.9,32700690,USA,2010,1,9,31
80,0,Los Angeles Clippers,G,191,94.3,17799677,USA,2011,1,24,31
80,11,Boston Celtics,C,208,118.8,4767000,Turkey,2011,1,3,29
80,22,Chicago Bulls,F,203,89.8,27250576,USA,2013,1,2,28
80,4,New Orleans Pelicans,G,191,86.2,13486300,USA,2006,1,11,37
80,0,Philadelphia 76ers,G,196,90.7,10116576,USA,2015,2,40,28
80,1,Indiana Pacers,F,203,99.8,11060000,USA,2014,1,14,28
79,12,Memphis Grizzlies,G,191,78.9,8730240,USA,2019,1,2,22
79,13,Miami Heat,F-C,206,110.2,3454080,USA,2017,1,14,24
79,31,Brooklyn Nets,C,211,106.1,2376840,USA,2017,1,22,23
79,2,New Orleans Pelicans,G,198,86.2,8719320,USA,2017,1,2,24
79,40,Sacramento Kings,F,203,95.3,24147727,USA,2012,1,7,29
79,21,Los Angeles Clippers,G,185,81.6,12345680,USA,2009,2,42,33
79,7,Boston Celtics,F,198,101.2,6534829,USA,2016,1,3,25
79,0,Dallas Mavericks,C,213,109.8,2177483,USA,2015,1,6,28
79,7,Miami Heat,G,191,86.2,19217900,Slovenia,2008,2,45,35
79,2,Oklahoma City Thunder,G,196,81.6,3952920,Canada,2018,1,11,23
79,14,Denver Nuggets,G,193,93,17839286,USA,2014,1,19,27
79,2,Utah Jazz,F,201,94.8,11454546,Australia,2009,2,60,34
79,26,Indiana Pacers,G,196,81.6,10500000,USA,2012,1,12,29
79,11,Milwaukee Bucks,C,213,120.2,12093024,USA,2008,1,10,33
79,7,Los Angeles Lakers,C,213,122.5,4000000,USA,2008,1,18,33
79,23,New York Knicks,C,213,101.2,1559712,USA,2018,2,36,23
79,8,Orlando Magic,G,198,93.4,12500000,USA,2012,1,8,30
79,13,Cleveland Cavaliers,F,206,102.1,18539130,Canada,2011,1,4,30
79,17,Houston Rockets,F,196,102.1,8349039,USA,2006,2,35,36
79,23,Toronto Raptors,G,185,89.4,9346153,USA,2006,2,60,27
79,22,Golden State Warriors,F,201,89.4,27504630,Canada,2014,1,1,26
79,21,Chicago Bulls,F,203,99.8,12900000,USA,2007,1,12,33
78,9,New York Knicks,G,198,91.6,7839960,Canada,2019,1,3,21
78,11,Phoenix Suns,G,191,81.6,16200000,Spain,2009,1,5,31
78,5,Denver Nuggets,G,196,79.4,12776786,USA,2012,2,40,30
78,8,Sacramento Kings,G,198,93,8529386,Serbia,2014,1,27,29
78,13,Washington Wizards,F-C,208,109.3,8000000,USA,2017,2,42,24
78,34,Chicago Bulls,C,206,117.5,5201400,USA,2018,1,7,22
78,8,Utah Jazz,G,193,84.4,13437500,Philippines,2014,2,46,29
78,10,Orlando Magic,G,201,86.2,17150000,France,2012,1,20,29
78,10,Houston Rockets,G,191,97.5,14057730,USA,2008,1,7,33
78,4,Los Angeles Clippers,F,203,99.8,4767000,USA,2012,2,60,31
78,12,Brooklyn Nets,G,198,97.5,7666667,USA,2014,2,33,30
78,9,Miami Heat,G-F,198,93.9,17185185,USA,2004,1,9,37
78,22,Brooklyn Nets,G,198,86.6,2625717,USA,2016,1,20,27
78,0,Los Angeles Clippers,F,203,106.6,15000000,USA,2011,1,14,32
78,5,San Antonio Spurs,G,193,77.1,2321735,USA,2016,1,29,25
78,22,Cleveland Cavaliers,F,201,103,12727273,USA,2015,1,27,28
78,9,Miami Heat,C,211,106.1,12667885,Canada,2013,1,13,30
78,3,Phoenix Suns,F-G,201,92.1,15625000,USA,2015,1,15,26
78,0,Sacramento Kings,F,203,106.6,6500000,USA,2014,1,2,26
78,1,New York Knicks,F-C,208,111.6,15000000,USA,2015,1,22,26
78,3,Charlotte Hornets,G,185,86.2,19894737,USA,2015,1,16,27
78,17,Oklahoma City Thunder,G,185,78,15500000,Germany,2013,1,17,28
78,0,Atlanta Hawks,G,191,82.1,19000000,USA,2009,1,19,33
78,4,San Antonio Spurs,G,193,90.7,1948080,USA,2017,1,29,27
78,0,Memphis Grizzlies,F,198,100.7,13000000,USA,2015,1,10,25
77,10,Cleveland Cavaliers,G,185,79.4,6400920,USA,2019,1,5,21
77,12,Atlanta Hawks,F,201,102.1,7068360,USA,2019,1,4,24
77,2,Orlando Magic,F,203,97.5,9258000,Nigeria,2010,1,8,31
77,5,Orlando Magic,C,213,102.1,5697600,USA,2018,1,6,23
77,5,Charlotte Hornets,F-G,206,95.3,25565217,France,2008,1,25,33
77,0,Minnesota Timberwolves,G,193,89.8,2731713,USA,2016,1,19,25
77,88,Sacramento Kings,F-G,208,101.6,6825000,Serbia,2010,2,35,33
77,0,Houston Rockets,F,198,96.2,7339258,USA,2009,1,27,35
77,17,Utah Jazz,F,206,97.5,4767000,USA,2010,1,13,32
77,67,New York Knicks,F,206,102.1,9000000,USA,2009,1,26,36
77,9,Denver Nuggets,F,203,97.1,9346153,USA,2014,2,39,27
77,14,Los Angeles Lakers,G,198,94.8,14634147,USA,2009,2,46,34
77,11,Dallas Mavericks,G,196,90.3,20025127,USA,2013,1,24,29
77,0,Sacramento Kings,C,213,102.1,4160000,Ukraine,2013,1,5,28
77,5,Golden State Warriors,F,206,100.7,4464286,USA,2015,1,30,25
77,11,Denver Nuggets,G,188,79.4,1588231,USA,2017,2,51,26
77,9,Oklahoma City Thunder,F-C,208,93.4,1882867,USA,2013,1,6,27
77,24,Denver Nuggets,C-F,211,108,14041096,USA,2013,1,22,31
77,25,San Antonio Spurs,C-F,216,108.4,3754885,Austria,2016,1,9,26
77,7,Dallas Mavericks,F-C,208,106.1,10259375,Canada,2014,2,45,30
77,2,Brooklyn Nets,F,201,99.8,3481985,USA,2016,1,12,27
77,20,Phoenix Suns,F,208,98,3481985,Croatia,2014,1,12,27
77,2,Cleveland Cavaliers,G,185,86.2,4764960,USA,2018,1,8,22
77,5,New York Knicks,G,188,88.5,4463640,USA,2017,1,9,24
77,40,Charlotte Hornets,C-F,213,104.3,14471910,USA,2013,1,4,29
77,40,Los Angeles Clippers,C,213,120.2,6481482,Croatia,2016,2,32,24
77,23,Minnesota Timberwolves,G,198,88.5,5813640,USA,2019,1,6,22
76,9,Charlotte Hornets,C-F,211,115.7,1676735,Spain,2015,2,35,27
76,0,Portland Trail Blazers,F-G,203,95.3,12200000,USA,2004,2,43,36
76,14,Orlando Magic,G,180,81.6,7250000,USA,2008,1,9,34
76,5,Dallas Mavericks,G,178,79.4,2564753,Puerto Rico,2006,2,60,37
76,0,,F,208,106.6,3500000,USA,2008,1,2,32
76,42,Washington Wizards,F,208,95.7,7000000,Latvia,2011,2,42,29
76,11,Los Angeles Lakers,G,191,88.5,6767000,USA,2010,1,19,31
76,0,Charlotte Hornets,F,198,102.1,3755400,USA,2018,1,12,23
76,13,Dallas Mavericks,G,185,86.2,1416852,USA,2018,2,33,25
76,1,Los Angeles Lakers,G,196,92.5,8089282,USA,2013,1,8,28
76,99,Miami Heat,F,198,106.6,7815533,USA,2012,2,34,31
76,0,Atlanta Hawks,C,213,108.4,13333334,USA,2013,2,60,32
76,0,Memphis Grizzlies,C,208,104.3,16229213,Senegal,2013,1,21,31
76,0,,F-G,198,87.1,2564753,USA,2005,1,18,35
76,34,Houston Rockets,F,203,106.6,3405180,USA,2007,1,5,35
76,5,Portland Trail Blazers,F,203,94.3,5718000,USA,2014,1,23,29
76,3,Atlanta Hawks,G,201,86.2,2636280,USA,2018,1,19,23
76,7,Milwaukee Bucks,F,206,106.6,7000000,Turkey,2005,2,36,34
76,1,Orlando Magic,F,211,93,5806440,USA,2017,1,6,24
76,20,Memphis Grizzlies,F,203,92.1,7059480,USA,2017,1,4,24
76,8,Phoenix Suns,F-C,213,104.8,4767000,USA,2015,1,9,28
76,0,Dallas Mavericks,F,198,105.2,12784359,USA,2012,1,2,28
76,20,New York Knicks,F,201,97.5,4380120,USA,2018,1,9,22
76,0,Miami Heat,C,213,111.1,11286515,USA,2012,1,11,29
76,9,Milwaukee Bucks,G,193,99.8,2564753,USA,2009,2,60,35
76,8,Utah Jazz,G,191,86.2,1737145,Democratic Republic of the Congo,2015,1,7,25
76,8,New Orleans Pelicans,C,208,122.5,1702486,USA,2015,1,3,26
76,6,New York Knicks,G,191,83.9,8000000,USA,2014,1,10,27
76,1,Denver Nuggets,F,208,97.5,3389400,USA,2018,1,14,23
76,25,Houston Rockets,G,191,90.7,2174310,USA,2012,1,10,29
76,21,Oklahoma City Thunder,G-F,201,93.4,10740740,USA,2013,1,26,30
76,9,Los Angeles Lakers,G,185,84.4,2564753,USA,2006,1,21,35
76,20,Los Angeles Clippers,G,193,81.6,1995120,USA,2018,1,26,24
76,27,Boston Celtics,C,203,97.5,5000000,Germany,2013,2,60,29
76,0,,G,175,83.9,2320044,USA,2011,2,60,32
76,11,Los Angeles Lakers,G,191,95.3,12475385,USA,2012,1,4,30
76,2,Milwaukee Bucks,F,203,108.9,14654179,USA,2005,1,2,35
76,55,Dallas Mavericks,G,196,82.1,9473684,USA,2015,1,20,29
76,0,Chicago Bulls,G,193,83.9,5307120,USA,2019,1,7,21
75,0,,C,216,113.4,5538540,Spain,2001,1,3,41
75,46,Phoenix Suns,C,208,117.9,5453280,Australia,2009,2,60,35
75,26,Sacramento Kings,G,193,88.5,19269663,USA,2012,2,60,32
75,18,San Antonio Spurs,G,196,90.7,5846154,Italy,2007,1,18,35
75,8,Charlotte Hornets,C,203,103.9,17000000,Democratic Republic of the Congo,2011,1,7,29
75,25,Phoenix Suns,F-G,198,94.8,4161000,USA,2018,1,10,25
75,21,Brooklyn Nets,F-G,203,102.1,2564753,USA,2007,1,23,34
75,21,New York Knicks,G,196,91.6,1618520,USA,2017,2,44,27
75,32,Chicago Bulls,G,191,93,5348007,USA,2016,1,5,27
75,2,New York Knicks,G,193,90.7,8000000,USA,2009,1,28,34
75,11,San Antonio Spurs,G,188,84.8,2875000,USA,2016,2,60,28
75,3,New Orleans Pelicans,G,196,92.5,1934160,USA,2017,1,30,26
75,31,Detroit Pistons,F,206,99.8,9732396,USA,2012,1,14,31
75,44,Portland Trail Blazers,F-G,203,91.2,1737145,Croatia,2015,1,5,26
75,3,Milwaukee Bucks,G,191,81.6,10133907,USA,2008,1,26,35
75,4,Toronto Raptors,F,198,95.7,2500000,USA,2015,1,23,26
75,22,Sacramento Kings,F,208,110.2,4767000,USA,2015,2,37,28
75,0,Minnesota Timberwolves,F,201,111.1,15349400,USA,2009,1,16,34
75,5,Detroit Pistons,G,196,88.9,3827160,USA,2017,1,12,25
75,26,Milwaukee Bucks,F,201,96.2,6004753,USA,2003,2,51,40
75,0,Brooklyn Nets,F,206,97.5,1699236,Latvia,2018,2,40,23
75,10,Minnesota Timberwolves,F,203,94.8,3581986,USA,2016,2,47,27
75,42,Milwaukee Bucks,C,213,115.7,4767000,USA,2008,1,15,33
75,41,San Antonio Spurs,F,206,109.3,5500000,Canada,2015,1,12,26
75,51,Dallas Mavericks,C,224,131.5,3500000,Serbia,2010,2,60,33
75,9,Indiana Pacers,G,185,90.7,3500000,USA,2015,2,60,29
75,8,San Antonio Spurs,G,185,83.9,12678571,Australia,2009,2,55,33
75,1,Charlotte Hornets,G,191,89.4,4028400,USA,2017,1,11,23
75,88,Los Angeles Lakers,F,203,111.1,3709887,USA,2011,1,13,32
75,0,Washington Wizards,G,183,79.4,1845301,USA,2014,1,24,30
75,16,Cleveland Cavaliers,F-G,201,97.5,2907143,Turkey,2015,2,31,26
75,31,Chicago Bulls,G,201,89.8,10000000,Czech,2012,2,32,30
75,1,Philadelphia 76ers,F,201,107.5,4767000,USA,2012,2,43,33
75,0,Denver Nuggets,F,208,112,2000000,USA,2014,1,9,26
75,0,,G-F,193,90.7,3551100,USA,2018,2,60,25
74,41,Minnesota Timberwolves,F,206,99.8,3321029,Spain,2016,1,15,26
74,1,Memphis Grizzlies,F,206,104.3,9073050,USA,2014,1,30,28
74,0,Cleveland Cavaliers,F-C,203,101.6,1870564,USA,2017,2,38,26
74,24,Orlando Magic,C,206,94.8,3000000,Canada,2014,2,60,29
74,24,Memphis Grizzlies,G-F,201,102.1,1618520,Canada,2017,2,45,25
74,25,New York Knicks,G,198,90.7,4000000,USA,2013,1,25,30
74,33,Portland Trail Blazers,C,211,105.2,4240200,USA,2017,1,10,24
74,24,Milwaukee Bucks,G,196,97.5,1723050,USA,2015,2,41,28
74,2,Los Angeles Lakers,G,185,81.6,3000000,USA,2015,2,60,28
74,3,Denver Nuggets,G,201,97.5,2000000,USA,2014,2,60,31
74,30,Dallas Mavericks,G,188,81.6,7461380,USA,2013,2,60,31
74,14,Phoenix Suns,F-C,203,99.3,1678854,Mali,2016,2,33,25
74,3,Sacramento Kings,G,183,80.7,3150000,USA,2016,2,60,28
74,20,Orlando Magic,G,191,88.5,9745200,USA,2017,1,1,23
74,20,Sacramento Kings,F-C,211,105.2,2578800,USA,2017,1,20,23
74,0,New York Knicks,F,201,94.3,11011234,USA,2012,1,15,28
74,44,Dallas Mavericks,F-G,201,91.2,3280920,USA,2017,1,15,26
74,0,Brooklyn Nets,G,191,84.4,19428485,USA,2014,2,60,29
74,5,Miami Heat,F,198,88.5,1645357,USA,2016,2,60,24
74,9,Sacramento Kings,G,191,83.9,12000000,Canada,2011,1,29,30
74,42,Dallas Mavericks,F-C,208,95.7,8000000,Germany,2014,2,60,29
74,22,Indiana Pacers,F-C,208,100.7,2813280,Israel,2017,1,18,24
74,20,Indiana Pacers,F,201,98.9,7333333,USA,2014,1,11,29
74,55,New Orleans Pelicans,G,191,86.6,8664928,USA,2011,2,55,32
74,0,Los Angeles Clippers,C,211,103,6813026,USA,2007,1,9,36
74,9,Philadelphia 76ers,F-C,206,108.9,2174318,USA,2012,2,49,31
74,0,,F,206,90.7,25102512,USA,2011,2,38,33
74,24,Toronto Raptors,G,191,97.5,10116576,USA,2015,2,46,28
74,0,,F-C,208,99.8,451326,USA,2017,2,35,24
74,22,Golden State Warriors,F,198,95.7,1882867,USA,2014,2,40,27
74,45,Chicago Bulls,G,193,95.3,3377568,USA,2016,1,14,28
74,44,Boston Celtics,F-C,203,107.5,1937520,USA,2018,1,27,24
74,35,Detroit Pistons,F,208,98,1645357,USA,2015,2,60,26
74,10,New Orleans Pelicans,F-C,211,99.8,4862040,USA,2019,1,8,21
74,8,Washington Wizards,F,203,102.1,4469160,Japan,2019,1,9,23
73,3,Toronto Raptors,F-G,201,105.2,2281800,United Kingdom,2017,1,23,24
73,7,Charlotte Hornets,G,198,99.8,1618520,USA,2017,2,40,26
73,95,Atlanta Hawks,F,196,93.9,2603981,USA,2016,1,21,27
73,0,Phoenix Suns,F,203,97.5,1788296,Australia,2017,2,36,25
73,23,Milwaukee Bucks,G,196,104.3,1618520,USA,2017,2,46,26
73,6,Detroit Pistons,G,193,86.2,1416852,USA,2018,2,42,25
73,6,Washington Wizards,F-G,198,97.5,3219480,USA,2018,1,15,22
73,0,Philadelphia 76ers,G,198,88.5,2320044,USA,2011,1,12,30
73,4,Los Angeles Lakers,G,196,84.4,2750000,USA,2016,2,60,27
73,19,Houston Rockets,C,213,106.6,2564753,USA,2001,1,2,39
73,0,,G-F,196,89.4,17818456,USA,2013,2,31,29
73,18,Cleveland Cavaliers,G,191,86.2,9607500,Australia,2013,2,60,31
73,0,Orlando Magic,F,198,91.2,1882867,USA,2013,2,50,31
73,10,Dallas Mavericks,F,201,96.6,4000000,USA,2016,2,60,28
73,3,Chicago Bulls,G,201,86.2,1620564,USA,2016,2,60,28
73,3,Indiana Pacers,G,183,83.9,2239200,USA,2018,1,23,25
73,4,Houston Rockets,F,198,99.8,3540000,USA,2016,2,60,28
73,5,Toronto Raptors,F,198,109.8,3623000,USA,2015,1,8,25
73,21,Memphis Grizzlies,G,183,83.9,10116000,USA,2015,1,24,25
73,30,Philadelphia 76ers,F,201,83.9,1620564,Turkey,2016,1,26,24
73,28,Washington Wizards,C,211,104.3,15450051,France,2005,1,28,35
73,0,,G-F,198,105.2,8730158,USA,2005,2,34,34
73,33,Oklahoma City Thunder,F-C,208,104.3,2028594,USA,2013,2,44,30
73,11,New York Knicks,G,193,86.2,4855800,France,2017,1,8,23
73,0,Houston Rockets,G,196,95.3,2581965,USA,2016,2,60,28
73,23,Utah Jazz,F,193,102.5,1618520,USA,2015,2,60,28
73,37,Boston Celtics,F,198,106.6,1618520,USA,2017,2,37,27
73,20,Minnesota Timberwolves,G,193,96.6,2530680,Nigeria,2018,1,20,23
73,0,,G-F,198,88.5,1000000,USA,2012,2,60,32
73,14,Washington Wizards,G,183,79.4,6000000,USA,2010,2,60,33
73,17,Detroit Pistons,F,198,89.8,11392857,USA,2013,1,20,30
73,0,Minnesota Timberwolves,F,203,111.1,1897800,USA,2018,1,30,24
73,17,Brooklyn Nets,G-F,196,88.5,4767000,USA,2009,2,60,35
73,1,Minnesota Timberwolves,G-F,198,93,18606556,USA,2010,1,2,33
73,1,San Antonio Spurs,G,196,92.5,2764200,USA,2018,1,18,23
73,9,Boston Celtics,G,191,95.3,1445697,USA,2011,2,60,32
73,41,Cleveland Cavaliers,C,208,113.4,2281800,Croatia,2016,1,23,24
73,14,Miami Heat,G,196,88.5,3640200,USA,2019,1,13,21
73,77,Boston Celtics,C,213,106.6,2505793,France,2015,2,60,28
73,45,Detroit Pistons,F,203,94.8,3285120,France,2019,1,15,21
73,15,Memphis Grizzlies,F,203,97.5,2478840,Canada,2019,1,21,25
73,20,New Orleans Pelicans,F,206,107,4102564,Italy,2013,2,60,30
73,9,Portland Trail Blazers,F,196,99.8,2105520,USA,2019,1,25,21
72,3,Memphis Grizzlies,G,193,93,2429400,USA,2018,1,21,26
72,0,,G-F,193,89.4,1488231,USA,2017,2,60,25
72,7,Orlando Magic,G,196,83.5,2028594,USA,2013,1,11,30
72,30,Denver Nuggets,G,193,90.7,2487033,USA,2013,2,60,30
72,0,Milwaukee Bucks,G,193,93,2905800,USA,2018,1,17,24
72,10,Los Angeles Lakers,F,198,102.1,2564753,USA,2007,1,22,36
72,6,Chicago Bulls,F,208,122.5,8156500,Brazil,2014,2,60,29
72,0,,G,183,77.1,1620564,USA,2014,2,60,31
72,9,Detroit Pistons,G,185,91.6,7333333,USA,2014,2,60,30
72,8,Indiana Pacers,G,198,81.6,4767000,USA,2011,2,60,32
72,15,Chicago Bulls,F,201,88.9,2332320,USA,2018,1,22,25
72,25,Orlando Magic,F,198,93,1618520,USA,2017,2,33,27
72,0,Detroit Pistons,G,188,85.7,15643750,USA,2011,1,8,30
72,1,Dallas Mavericks,G-F,196,90.7,12759670,USA,2008,1,22,36
72,7,Detroit Pistons,F-C,213,98,3569643,Australia,2016,1,10,24
72,22,Toronto Raptors,G,201,82.1,4000000,USA,2016,2,38,26
72,19,Los Angeles Clippers,G,193,93,4807693,USA,2013,2,60,30
72,21,New Orleans Pelicans,F,198,102.1,7250000,USA,2012,2,46,31
72,19,Philadelphia 76ers,G,185,77.1,1737145,Brazil,2013,2,47,29
72,31,Utah Jazz,F,201,104.3,1645357,USA,2016,2,50,28
72,0,Phoenix Suns,G,188,81.6,346288,USA,2015,1,14,27
72,1,Portland Trail Blazers,G,191,82.1,2149560,USA,2018,1,24,22
72,8,Philadelphia 76ers,G-F,191,93,3058800,USA,2018,1,16,22
72,0,Memphis Grizzlies,F,203,108.9,2854556,USA,2007,2,60,36
72,5,Milwaukee Bucks,F,208,106.1,2961120,USA,2017,1,17,25
72,0,Cleveland Cavaliers,F,203,97.5,2391985,USA,2015,2,60,29
72,45,Boston Celtics,G,193,98,3458400,USA,2019,1,14,22
72,12,Boston Celtics,F,198,107,2379840,USA,2019,1,22,23
72,0,Brooklyn Nets,C,211,97.5,898310,USA,2019,2,31,31
72,25,Charlotte Hornets,F,201,102.1,3831840,USA,2019,1,12,23
72,51,Chicago Bulls,G,191,88.5,3000000,Italy,2016,2,60,27
72,4,Cleveland Cavaliers,G-F,193,98.9,1290960,USA,2019,1,30,21
72,0,Philadelphia 76ers,F,198,97.5,2833704,Australia,2013,2,60,31
72,88,Indiana Pacers,C,211,113.4,2816760,Georgia,2019,1,18,22
72,0,Memphis Grizzlies,G,188,86.2,1416852,USA,2018,2,46,23
72,34,New Orleans Pelicans,G-F,198,95.3,1416852,USA,2018,2,60,27
72,0,New Orleans Pelicans,G,196,93,2964840,Canada,2019,1,17,23
72,3,,F-C,203,104,2773550,USA,2019,1,16,23
72,22,Philadelphia 76ers,G-F,196,91.2,2582160,USA,2019,1,20,24
72,23,Phoenix Suns,F,203,95.3,4033440,USA,2019,1,11,25
72,10,Phoenix Suns,G,196,88.5,2193480,USA,2019,1,24,24
72,19,San Antonio Spurs,F,208,94.8,2689920,Croatia,2019,1,19,21
72,3,San Antonio Spurs,F,196,95.7,1950600,USA,2019,1,29,22
72,21,Toronto Raptors,G,193,89.4,898310,USA,2017,2,60,27
71,25,Toronto Raptors,F-C,206,90.7,1588231,Canada,2017,2,60,28
71,4,Phoenix Suns,G,185,90.7,1416852,USA,2018,2,32,26
71,0,,F-C,208,108.9,250000,USA,2016,2,31,25
71,0,Minnesota Timberwolves,G,193,95.3,1925880,USA,2018,1,28,24
71,23,Oklahoma City Thunder,G,198,83.5,2475840,USA,2017,1,21,23
71,12,Chicago Bulls,F,208,106.1,898310,USA,2019,2,38,23
71,12,Atlanta Hawks,G,196,99.3,1645357,USA,2015,2,60,28
71,15,New Orleans Pelicans,G,191,93,1618520,USA,2017,2,31,23
71,2,Chicago Bulls,C,218,108.9,2250000,USA,2017,2,60,26
71,15,Milwaukee Bucks,G,180,86.2,79568,USA,2017,2,34,27
71,16,Houston Rockets,G,191,85.7,2028594,USA,2013,1,7,28
71,13,Brooklyn Nets,F,206,88.5,1911600,Bosnia and Herzegovina,2018,1,29,22
71,2,Phoenix Suns,G,191,86.2,1416852,France,2018,2,31,24
71,1,Washington Wizards,G,193,86.2,3567720,USA,2018,1,13,24
71,14,Indiana Pacers,F,201,101.2,1737145,USA,2014,2,60,28
71,5,Indiana Pacers,G,193,84.4,2000000,USA,2017,2,52,26
71,2,Portland Trail Blazers,G,196,94.8,1416852,USA,2018,2,37,22
71,21,Washington Wizards,F,211,108.9,2063520,Germany,2018,1,25,24
71,1,Washington Wizards,F,196,109.3,1000000,USA,2019,2,42,24
71,24,Atlanta Hawks,F,206,111.1,1400000,Angola,2019,2,34,23
71,6,Golden State Warriors,F,208,97.5,898310,Serbia,2019,2,39,21
71,7,Golden State Warriors,F,198,115.7,898310,USA,2019,2,41,25
71,4,Boston Celtics,G,180,90.7,1228026,USA,2019,2,33,23
71,4,Miami Heat,F,203,97.5,898310,USA,2019,2,32,22
71,18,Philadelphia 76ers,C,196,93,1445697,USA,2018,2,54,25
71,7,San Antonio Spurs,F,206,102.1,1416852,Nigeria,2018,2,49,24
70,0,Denver Nuggets,F,203,106.6,1416852,USA,2018,2,48,25
70,7,Oklahoma City Thunder,F,203,90.7,2284800,USA,2019,1,23,21
70,13,Utah Jazz,F-C,208,112.5,1962360,USA,2017,1,28,23
70,6,Oklahoma City Thunder,G,196,89.8,1416852,USA,2018,2,45,23
70,35,Orlando Magic,F,196,91.2,1416852,USA,2018,2,35,25
70,44,Miami Heat,F,198,102.5,13290395,USA,2013,1,23,30
70,24,Indiana Pacers,F,201,91.2,1416852,USA,2018,2,50,25
70,0,Atlanta Hawks,C-F,208,98,2338846,Haiti,2016,1,28,25
70,0,,F-C,206,99.8,50000,USA,2017,1,24,25
70,19,Detroit Pistons,G,201,93,1416852,Ukraine,2018,2,47,24
70,15,Los Angeles Clippers,F,203,104.3,79568,USA,2017,2,60,26
70,11,Oklahoma City Thunder,F,196,102.1,1618520,Egypt,2016,2,58,28
70,0,,F-C,211,115.7,12500000,USA,2012,1,26,33
70,50,Portland Trail Blazers,C,206,112.9,2033160,USA,2017,1,26,24
70,0,Minnesota Timberwolves,F,206,97.1,1416852,USA,2018,2,41,22
70,0,,F,196,91.2,195077,USA,2018,2,60,26
70,3,Golden State Warriors,G,193,88,1964760,USA,2019,1,28,22
70,5,Los Angeles Lakers,G,193,106.1,898310,USA,2019,2,46,21
70,0,,F-C,203,108.9,100000,USA,2018,2,60,25
70,43,Milwaukee Bucks,F,198,97.5,1445697,Greece,2014,2,51,29
70,11,Minnesota Timberwolves,C,206,112.9,898310,USA,2019,2,60,22
70,17,New York Knicks,F,198,98,898310,Canada,2019,2,47,22
70,30,Oklahoma City Thunder,G,193,108.9,1416852,USA,2014,2,60,30
70,10,Sacramento Kings,G,201,86.2,898310,USA,2019,2,40,24
69,0,,F-C,208,109.8,79568,USA,2016,1,18,24
69,0,Charlotte Hornets,G,185,83.9,1416852,USA,2018,2,34,26
69,0,,F-C,206,101.6,1529007,USA,2017,2,60,28
69,13,Detroit Pistons,G,191,95.3,1416852,USA,2018,2,38,25
69,0,New York Knicks,G,196,99.8,1445697,USA,2018,2,60,26
69,0,Orlando Magic,F,198,102.1,1427191,USA,2018,2,60,27
69,14,Los Angeles Clippers,G,196,97.5,1000000,USA,2019,2,48,25
69,13,Milwaukee Bucks,G,201,102.1,79568,USA,2018,2,60,26
69,0,,G-F,196,90.7,502491,USA,2016,2,60,27
69,24,Utah Jazz,F,196,95.3,898310,USA,2019,2,58,24
69,13,Toronto Raptors,F,201,93,1588231,USA,2015,2,60,28
68,17,Washington Wizards,G,203,90.7,1416852,Germany,2018,2,39,22
68,0,,F-C,213,113.4,1416852,Germany,2017,2,43,23
68,0,Detroit Pistons,G,196,81.2,1254933,USA,2014,2,58,30
68,0,Atlanta Hawks,G,183,81.6,522738,USA,2018,2,60,26
68,21,Houston Rockets,G,191,90.7,79568,USA,2015,2,60,27
68,37,Los Angeles Lakers,F,208,90.7,79568,Greece,2018,2,60,24
68,0,Phoenix Suns,G,191,86.2,898310,USA,2019,2,60,21
67,55,Miami Heat,F,201,97.5,1416852,USA,2018,2,60,27
